Workbook

Sheet Dashboard
A1: 13U Basketball Progress Dashboard
A2: Designed for a 3/4/5 position player: track weak-hand control, form shooting, free throws, spot shooting, footwork, and stop-and-pop speed.
A4: Metric | B4: Baseline | C4: Latest | D4: Target | E4: Progress vs Target | F4: Status
A5: Left-Hand Control | B5: ='Training Log'!D$18 | C5: ='Training Log'!D$20 | D5: ='Training Log'!D$19 | E5: =IFERROR((C5-B5)/(D5-B5),"") | F5: =IF(C5="","No Data",IF(C5>=D5,"Target Met",IF(E5>=0.5,"On Track","Needs Work")))
A6: Guide Hand Form | B6: ='Training Log'!G$18 | C6: ='Training Log'!G$20 | D6: ='Training Log'!G$19 | E6: =IFERROR((C6-B6)/(D6-B6),"") | F6: =IF(C6="","No Data",IF(C6>=D6,"Target Met",IF(E6>=0.5,"On Track","Needs Work")))
A7: Free Throw % | B7: ='Training Log'!I$18 | C7: ='Training Log'!I$20 | D7: ='Training Log'!I$19 | E7: =IFERROR((C7-B7)/(D7-B7),"") | F7: =IF(C7="","No Data",IF(C7>=D7,"Target Met",IF(E7>=0.5,"On Track","Needs Work")))
A8: Spot Shooting % | B8: ='Training Log'!K$18 | C8: ='Training Log'!K$20 | D8: ='Training Log'!K$19 | E8: =IFERROR((C8-B8)/(D8-B8),"") | F8: =IF(C8="","No Data",IF(C8>=D8,"Target Met",IF(E8>=0.5,"On Track","Needs Work")))
A9: Stop & Pop Speed | B9: ='Training Log'!O$18 | C9: ='Training Log'!O$20 | D9: ='Training Log'!O$19 | E9: =IFERROR((C9-B9)/(D9-B9),"") | F9: =IF(C9="","No Data",IF(C9>=D9,"Target Met",IF(E9>=0.5,"On Track","Needs Work")))
A10: Big Player Skill | B10: ='Training Log'!P$18 | C10: ='Training Log'!P$20 | D10: ='Training Log'!P$19 | E10: =IFERROR((C10-B10)/(D10-B10),"") | F10: =IF(C10="","No Data",IF(C10>=D10,"Target Met",IF(E10>=0.5,"On Track","Needs Work")))
A12: Coach Notes / Decision Rule
A13: Do not modify the whole plan after one workout. Train this adjustment for 14 days, then compare latest values to baseline and targets. Focus 60–70% of work on weak hand, shooting mechanics, and footwork speed.
A14: Day | B14: LH Control | C14: Guide Hand | D14: FT % | E14: Spot % | F14: Footwork | G14: Stop&Pop
A15: ='Training Log'!A2 | B15: =IF('Training Log'!D2="",NA(),'Training Log'!D2) | C15: =IF('Training Log'!G2="",NA(),'Training Log'!G2) | D15: =IF('Training Log'!I2="",NA(),'Training Log'!I2) | E15: =IF('Training Log'!K2="",NA(),'Training Log'!K2) | F15: =IF('Training Log'!N2="",NA(),'Training Log'!N2) | G15: =IF('Training Log'!O2="",NA(),'Training Log'!O2)
A16: ='Training Log'!A3 | B16: =IF('Training Log'!D3="",NA(),'Training Log'!D3) | C16: =IF('Training Log'!G3="",NA(),'Training Log'!G3) | D16: =IF('Training Log'!I3="",NA(),'Training Log'!I3) | E16: =IF('Training Log'!K3="",NA(),'Training Log'!K3) | F16: =IF('Training Log'!N3="",NA(),'Training Log'!N3) | G16: =IF('Training Log'!O3="",NA(),'Training Log'!O3)
A17: ='Training Log'!A4 | B17: =IF('Training Log'!D4="",NA(),'Training Log'!D4) | C17: =IF('Training Log'!G4="",NA(),'Training Log'!G4) | D17: =IF('Training Log'!I4="",NA(),'Training Log'!I4) | E17: =IF('Training Log'!K4="",NA(),'Training Log'!K4) | F17: =IF('Training Log'!N4="",NA(),'Training Log'!N4) | G17: =IF('Training Log'!O4="",NA(),'Training Log'!O4)
A18: ='Training Log'!A5 | B18: =IF('Training Log'!D5="",NA(),'Training Log'!D5) | C18: =IF('Training Log'!G5="",NA(),'Training Log'!G5) | D18: =IF('Training Log'!I5="",NA(),'Training Log'!I5) | E18: =IF('Training Log'!K5="",NA(),'Training Log'!K5) | F18: =IF('Training Log'!N5="",NA(),'Training Log'!N5) | G18: =IF('Training Log'!O5="",NA(),'Training Log'!O5)
A19: ='Training Log'!A6 | B19: =IF('Training Log'!D6="",NA(),'Training Log'!D6) | C19: =IF('Training Log'!G6="",NA(),'Training Log'!G6) | D19: =IF('Training Log'!I6="",NA(),'Training Log'!I6) | E19: =IF('Training Log'!K6="",NA(),'Training Log'!K6) | F19: =IF('Training Log'!N6="",NA(),'Training Log'!N6) | G19: =IF('Training Log'!O6="",NA(),'Training Log'!O6)
A20: ='Training Log'!A7 | B20: =IF('Training Log'!D7="",NA(),'Training Log'!D7) | C20: =IF('Training Log'!G7="",NA(),'Training Log'!G7) | D20: =IF('Training Log'!I7="",NA(),'Training Log'!I7) | E20: =IF('Training Log'!K7="",NA(),'Training Log'!K7) | F20: =IF('Training Log'!N7="",NA(),'Training Log'!N7) | G20: =IF('Training Log'!O7="",NA(),'Training Log'!O7)
A21: ='Training Log'!A8 | B21: =IF('Training Log'!D8="",NA(),'Training Log'!D8) | C21: =IF('Training Log'!G8="",NA(),'Training Log'!G8) | D21: =IF('Training Log'!I8="",NA(),'Training Log'!I8) | E21: =IF('Training Log'!K8="",NA(),'Training Log'!K8) | F21: =IF('Training Log'!N8="",NA(),'Training Log'!N8) | G21: =IF('Training Log'!O8="",NA(),'Training Log'!O8)
A22: ='Training Log'!A9 | B22: =IF('Training Log'!D9="",NA(),'Training Log'!D9) | C22: =IF('Training Log'!G9="",NA(),'Training Log'!G9) | D22: =IF('Training Log'!I9="",NA(),'Training Log'!I9) | E22: =IF('Training Log'!K9="",NA(),'Training Log'!K9) | F22: =IF('Training Log'!N9="",NA(),'Training Log'!N9) | G22: =IF('Training Log'!O9="",NA(),'Training Log'!O9)
A23: ='Training Log'!A10 | B23: =IF('Training Log'!D10="",NA(),'Training Log'!D10) | C23: =IF('Training Log'!G10="",NA(),'Training Log'!G10) | D23: =IF('Training Log'!I10="",NA(),'Training Log'!I10) | E23: =IF('Training Log'!K10="",NA(),'Training Log'!K10) | F23: =IF('Training Log'!N10="",NA(),'Training Log'!N10) | G23: =IF('Training Log'!O10="",NA(),'Training Log'!O10)
A24: ='Training Log'!A11 | B24: =IF('Training Log'!D11="",NA(),'Training Log'!D11) | C24: =IF('Training Log'!G11="",NA(),'Training Log'!G11) | D24: =IF('Training Log'!I11="",NA(),'Training Log'!I11) | E24: =IF('Training Log'!K11="",NA(),'Training Log'!K11) | F24: =IF('Training Log'!N11="",NA(),'Training Log'!N11) | G24: =IF('Training Log'!O11="",NA(),'Training Log'!O11)
A25: ='Training Log'!A12 | B25: =IF('Training Log'!D12="",NA(),'Training Log'!D12) | C25: =IF('Training Log'!G12="",NA(),'Training Log'!G12) | D25: =IF('Training Log'!I12="",NA(),'Training Log'!I12) | E25: =IF('Training Log'!K12="",NA(),'Training Log'!K12) | F25: =IF('Training Log'!N12="",NA(),'Training Log'!N12) | G25: =IF('Training Log'!O12="",NA(),'Training Log'!O12)
A26: ='Training Log'!A13 | B26: =IF('Training Log'!D13="",NA(),'Training Log'!D13) | C26: =IF('Training Log'!G13="",NA(),'Training Log'!G13) | D26: =IF('Training Log'!I13="",NA(),'Training Log'!I13) | E26: =IF('Training Log'!K13="",NA(),'Training Log'!K13) | F26: =IF('Training Log'!N13="",NA(),'Training Log'!N13) | G26: =IF('Training Log'!O13="",NA(),'Training Log'!O13)
... A28: ='Training Log'!A15 | B28: =IF('Training Log'!D15="",NA(),'Training Log'!D15) | C28: =IF('Training Log'!G15="",NA(),'Training Log'!G15) | D28: =IF('Training Log'!I15="",NA(),'Training Log'!I15) | E28: =IF('Training Log'!K15="",NA(),'Training Log'!K15) | F28: =IF('Training Log'!N15="",NA(),'Training Log'!N15) | G28: =IF('Training Log'!O15="",NA(),'Training Log'!O15)

Sheet Training Log
A1: Day | B1: Date | C1: Session Complete? | D1: LH Control (1-10) | E1: RH Control (1-10) | F1: 1-Hand Form (1-10) | G1: Guide Hand (1-10) | H1: FT Made / 50 | I1: FT % | J1: Spot Makes / 50 | K1: Spot % | L1: 5-8 ft Makes / 25 | M1: 5-8 ft % | N1: Footwork (1-10) | O1: Stop & Pop Speed (1-10) | P1: Big Player Skill (1-10) | Q1: Coach Notes
A2: 1 | I2: =IF(H2="","",H2/50) | K2: =IF(J2="","",J2/50) | M2: =IF(L2="","",L2/25)
A3: 2 | I3: =IF(H3="","",H3/50) | K3: =IF(J3="","",J3/50) | M3: =IF(L3="","",L3/25)
A4: 3 | I4: =IF(H4="","",H4/50) | K4: =IF(J4="","",J4/50) | M4: =IF(L4="","",L4/25)
A5: 4 | I5: =IF(H5="","",H5/50) | K5: =IF(J5="","",J5/50) | M5: =IF(L5="","",L5/25)
A6: 5 | I6: =IF(H6="","",H6/50) | K6: =IF(J6="","",J6/50) | M6: =IF(L6="","",L6/25)
A7: 6 | I7: =IF(H7="","",H7/50) | K7: =IF(J7="","",J7/50) | M7: =IF(L7="","",L7/25)
A8: 7 | I8: =IF(H8="","",H8/50) | K8: =IF(J8="","",J8/50) | M8: =IF(L8="","",L8/25)
A9: 8 | I9: =IF(H9="","",H9/50) | K9: =IF(J9="","",J9/50) | M9: =IF(L9="","",L9/25)
A10: 9 | I10: =IF(H10="","",H10/50) | K10: =IF(J10="","",J10/50) | M10: =IF(L10="","",L10/25)
A11: 10 | I11: =IF(H11="","",H11/50) | K11: =IF(J11="","",J11/50) | M11: =IF(L11="","",L11/25)
A12: 11 | I12: =IF(H12="","",H12/50) | K12: =IF(J12="","",J12/50) | M12: =IF(L12="","",L12/25)
A13: 12 | I13: =IF(H13="","",H13/50) | K13: =IF(J13="","",J13/50) | M13: =IF(L13="","",L13/25)
... A15: 14 | I15: =IF(H15="","",H15/50) | K15: =IF(J15="","",J15/50) | M15: =IF(L15="","",L15/25)
A18: Baseline | D18: 2 | E18: 7 | F18: 4 | G18: 3 | I18: 0.3 | K18: 0.3 | M18: 0.4 | O18: 2
A19: 2-Week Target | D19: 5 | F19: 6 | G19: 6 | I19: 0.5 | K19: 0.425 | N19: 6 | O19: 5 | P19: 6
A20: Latest Actual | D20: =LOOKUP(2,1/(D$2:D$15<>""),D$2:D$15) | E20: =LOOKUP(2,1/(E$2:E$15<>""),E$2:E$15) | F20: =LOOKUP(2,1/(F$2:F$15<>""),F$2:F$15) | G20: =LOOKUP(2,1/(G$2:G$15<>""),G$2:G$15) | I20: =LOOKUP(2,1/(I$2:I$15<>""),I$2:I$15) | K20: =LOOKUP(2,1/(K$2:K$15<>""),K$2:K$15) | M20: =LOOKUP(2,1/(M$2:M$15<>""),M$2:M$15) | N20: =LOOKUP(2,1/(N$2:N$15<>""),N$2:N$15) | O20: =LOOKUP(2,1/(O$2:O$15<>""),O$2:O$15) | P20: =LOOKUP(2,1/(P$2:P$15<>""),P$2:P$15)
A21: 14-Day Average | D21: =IFERROR(AVERAGE(D$2:D$15),"") | E21: =IFERROR(AVERAGE(E$2:E$15),"") | F21: =IFERROR(AVERAGE(F$2:F$15),"") | G21: =IFERROR(AVERAGE(G$2:G$15),"") | I21: =IFERROR(AVERAGE(I$2:I$15),"") | K21: =IFERROR(AVERAGE(K$2:K$15),"") | M21: =IFERROR(AVERAGE(M$2:M$15),"") | N21: =IFERROR(AVERAGE(N$2:N$15),"") | O21: =IFERROR(AVERAGE(O$2:O$15),"") | P21: =IFERROR(AVERAGE(P$2:P$15),"")

Sheet Daily Checklist
A1: Day | B1: Left-Hand Zig-Zag | C1: Weak-Hand Finishing | D1: Stationary LH Dribble | E1: 1-Hand Form Shooting | F1: Guide Hand Shooting | G1: Spot Shooting | H1: Free Throws | I1: Footwork No Ball | J1: Stop & Pop | K1: Complete %
A2: 1 | K2: =COUNTIF(B2:J2,"Yes")/9
A3: 2 | K3: =COUNTIF(B3:J3,"Yes")/9
A4: 3 | K4: =COUNTIF(B4:J4,"Yes")/9
A5: 4 | K5: =COUNTIF(B5:J5,"Yes")/9
A6: 5 | K6: =COUNTIF(B6:J6,"Yes")/9
A7: 6 | K7: =COUNTIF(B7:J7,"Yes")/9
A8: 7 | K8: =COUNTIF(B8:J8,"Yes")/9
A9: 8 | K9: =COUNTIF(B9:J9,"Yes")/9
A10: 9 | K10: =COUNTIF(B10:J10,"Yes")/9
A11: 10 | K11: =COUNTIF(B11:J11,"Yes")/9
A12: 11 | K12: =COUNTIF(B12:J12,"Yes")/9
A13: 12 | K13: =COUNTIF(B13:J13,"Yes")/9
... A15: 14 | K15: =COUNTIF(B15:J15,"Yes")/9

Sheet Instructions & Links
A1: How to Use This Workbook
A2: 1 | B2: Use Training Log daily | C2: Enter only the blue input cells. Percentages calculate automatically.
A3: 2 | B3: Use Daily Checklist | C3: Mark Yes when a drill is complete. The completion percentage calculates automatically.
A4: 3 | B4: Review Dashboard | C4: Charts update as data is entered. Use Latest vs Target to guide next training block.
A5: 4 | B5: Reassess after Day 14 | C5: Modify the training emphasis only after a 2-week sample, unless there is pain or injury.
A8: Instruction Video Links
A10: Weak-Hand Ball Handling | B10: https://www.youtube.com/results?search_query=weak+hand+basketball+dribbling+drills+youth
A11: Form Shooting Fundamentals | B11: https://www.youtube.com/results?search_query=basketball+form+shooting+fundamentals+youth
A12: Guide Hand Shooting Fix | B12: https://www.youtube.com/results?search_query=basketball+guide+hand+thumb+flick+fix
A13: Free Throw Routine | B13: https://www.youtube.com/results?search_query=basketball+free+throw+routine+fundamentals
A14: Footwork Stop and Pop | B14: https://www.youtube.com/results?search_query=basketball+stop+and+pop+footwork+drill
A15: Big Player Footwork | B15: https://www.youtube.com/results?search_query=basketball+post+footwork+drills+youth
